meal_id,ingredient_id,quantidade_desc,unit_desc,u_quantity,u_desc,Sub,Notas,Required,ing_name
1,1,1,qb,1,qb,,,1,sal
1,2,400,g,400,g,,,1,carne picada (vaca)
1,3,60,g,60,g,,,1,aipo
1,4,60,g,60,g,,,1,cenoura
1,5,60,g,60,g,,,1,cebola amarela
1,6,150,g,150,g,Bacon,,1,pancetta
1,7,1,colher de sopa,1,tbsp,,,1,concentrado de tomate
1,8,1,copo,1,c,,,1,vinho tinto
1,9,1,qb,1,qb,,,1,pimenta preta
1,10,3,colher de sopa,3,tbsp,,,1,azeite
1,11,200,g,200,g,eu gosto de substituir por 3 ou 4 tomates frescos passados num blender,,1,passata
1,12,200,g,200,g,,,1,caldo de vegetais
1,13,100,ml,100,ml,,,1,leite
1,14,8,doses,8,u,Outra massa,,1,tagliatele
2,10,1,colher de sopa,1,tbsp,,,1,azeite
2,15,3,dentes,3,U,,,1,alho (dentes)
2,16,1,unidades,1,U,,,1,cebola
2,17,1,unidades,1,U,,,1,pimento vermelho
2,2,500,g,500,g,,,1,carne picada (vaca)
2,7,3,colher de sopa,3,tbsp,,,1,concentrado de tomate
2,18,800,g,800,g,,,1,polpa de tomate
2,19,2,cubos,2,U,,,1,caldo de vaca
2,20,1.5,tsp,1.5,tsp,,,1,açucar
2,21,2,tsp,2,tsp,,Ajustar o picante a gosto,1,pimenta cayena
2,22,3,tsp,3,tsp,,,1,paprika
2,23,5,tsp,5,tsp,,,1,cominho em pó
2,24,4,tsp,4,tsp,,,1,paprika fumada
2,25,2,tsp,2,tsp,,,1,alho em pó
2,26,2,tsp,2,tsp,,,1,cebola em pó
2,1,1.5,tsp,1.5,tsp,,,1,sal
2,27,2,tsp,2,tsp,,,1,oregãos
2,28,1,tsp,1,tsp,,,1,café em pó
2,29,2,quadrados,2,U,,,1,chocolate negro
3,1,1,qb,1,qb,,,1,sal
3,30,470,g,470,g,,,1,feijão Frade
3,31,170,g,2,g,,,1,atum (em lata)
3,32,1,qb,1,qb,,,1,salsa
3,33,3,unidades,3,U,,,1,ovos
3,16,0.5,unidades,0.5,U,,,1,cebola
4,34,2,unidades,2,U,,,1,ramen
4,33,2,unidades,2,U,,,1,ovos
4,35,2,colher de sopa,2,tbsp,,,1,miso
4,36,1.5,colher de sopa,1.5,tbsp,,Ajustar picante a gosto,1,gochujang
4,37,1,pedaços,1,U,,,1,konbu
4,38,2,colher de sopa,2,tbsp,,,1,sementes de sesamo
4,39,1,colher de sopa,1,tbsp,,,1,sake
4,40,4,unidades,4,U,,"Sim, tem mesmo de ser secos",1,cogumelos shitake secos
4,41,1.5,tsp,1.5,tsp,,,1,gengibre
4,15,3,dentes,3,U,,,1,alho (dentes)
4,42,2,unidades,2,U,,,1,cebolinha
4,43,1,cubos,1,U,,,1,caldo de frango
4,44,2,colher de sopa,2,tbsp,,,1,molho de soja
4,45,1,tsp,1,tsp,,,1,molho de soja escuro
4,46,1,qb,1,qb,,,1,pimenta branca
4,47,1,folha,1,U,,,1,nori
4,48,4,pedaços,4,U,,,1,wakame
5,49,2.5,colher de sopa,2.5,tbsp,,,1,doubanjiang
5,50,2,colher de sopa,2,tbsp,,,1,pimentas sichuan
5,35,1,colher de sopa,1,tbsp,,"Tradicionalmente, usa-se feijao preto fermentando -  Dou Chi",1,miso
5,52,2,colher de sopa,2,tbsp,,,1,vinho shaoxing
5,51,500,g,500,g,,De preferencia versão mais suave,1,tofu
5,1,0.5,tsp,0.5,tsp,,,1,sal
5,53,3,colher de sopa,3,tbsp,,,1,oleo vegetal
5,54,300,g,300,g,,,1,carne picada (porco)
5,42,4,unidades,4,U,,,1,cebolinha
5,15,5,dentes,5,U,,,1,alho (dentes)
5,22,1,tsp,1,tsp,,,1,paprika
5,41,1.5,tsp,1.5,tsp,,,1,gengibre
5,20,2,tsp,2,tsp,,,1,açucar
5,19,1.5,canecas,1.5,c,,,1,caldo de vaca
5,44,3,tsp,3,tsp,,,1,molho de soja
5,45,0.5,tsp,0.5,tsp,,,1,molho de soja escuro
5,55,1,colher de sopa,1,tbsp,,,1,amido de milho
5,56,1,qb,1,qb,,Eu não acrescento. O doubanjiang já é picante. Sugiro rectificar o picante no fim depois de provar com pó de piri piri ou outro picante,1,chillies secos
6,57,2,unidades,2,U,,,1,bife de vaca
6,10,5,colher de sopa,5,tbsp,,,1,azeite
6,58,1,colher de sopa,1,tbsp,,,1,vinagre tinto
6,59,1,tsp,1,tsp,,,1,limão (sumo)
6,32,1.5,colher de sopa,1.5,tbsp,,,1,salsa
6,15,2,dentes,2,U,,,1,alho (dentes)
6,60,1,unidades,1,U,Outra malagueta fresca,Ajustar a picante a gosto,1,piri piri fresco
6,27,1,tsp,1,tsp,,,1,oregãos
6,9,1,qb,1,qb,,,1,pimenta preta
6,22,0.5,tsp,0.5,tsp,,,1,paprika
7,61,1,lata grande,1,g,,,1,grão cozido
7,31,3,latas,3,g,,,1,atum (em lata)
7,62,15,unidades,15,U,Broculo ou outros legumes (de preferencia cruciveros),Depende do tamanho das couves. Incluir visto que são saudaveis mas a gosto,1,couve de bruxelas
7,33,3,unidades,3,U,,,1,ovos
7,63,1.5,colher de sopa,1.5,tbsp,,Por a gosto no hummus,1,tahini
7,1,1,qb,1,qb,,,1,sal
7,59,0.5,unidades,0.5,U,,Por a gosto no hummus,1,limão (sumo)
7,15,1,dentes,1,U,,,1,alho (dentes)
7,10,1,qb,1,qb,,Por a gosto no hummus e depois por cima no produto final,1,azeite
7,64,1,qb,1,qb,,Sprinkle por cima do produto final,0,sumac
7,65,1,qb,1,qb,,Sprinkle por cima do produto final,0,izote
8,66,1,lata pequena,1,g,,,1,feijão preto
8,67,1,unidades,1,U,,,1,abacate
8,68,1,canecas,1,c,,,1,quinoa
8,33,2,unidades,2,U,,,1,ovos
8,69,8,unidades,8,U,,,1,tomate cherry
8,70,1,qb,1,qb,,,1,coentros
8,10,3,colher de sopa,3,tbsp,,,1,azeite
8,71,1,colher de sopa,1,tbsp,,,1,vinagre balsamico
8,1,1,qb,1,qb,,,1,sal
8,9,1,qb,1,qb,,,1,pimenta preta
8,27,1,qb,1,qb,,,1,oregãos
9,72,2,lombos,2,U,,de preferencia sem espinhas,1,salmão
9,73,1,canecas,1,c,,,1,arroz de sushi
9,74,3,colher de sopa,3,tbsp,,,1,vinagre de sushi
9,75,1,medalhões,1,U,,de preferencia sem espinhas,1,mimos de pescada
9,76,1,qb,1,qb,,,1,sriracha
9,77,2,unidades,2,U,,,1,queijo vache que ri
9,78,1,qb,1,qb,,,1,cebolinho
9,44,1,qb,1,qb,,,1,molho de soja
9,47,1,qb,1,qb,,,1,nori
9,38,2,colher de sopa,2,tbsp,podem usar qualquer uma das cores mas mistura das duas é mais visual,,1,sementes de sesamo
9,37,1,pedaços,1,U,,,1,konbu
9,67,1,unidades,1,U,,,1,abacate
10,2,400,g,400,g,pequenos cubos de carne de vaca,,1,carne picada (vaca)
10,15,2,dentes,2,U,,,1,alho (dentes)
10,10,3,colher de sopa,3,tbsp,,,1,azeite
10,79,0.75,canecas,0.75,c,,,1,iogurte
10,1,1,qb,1,qb,,,1,sal
10,9,1,qb,1,qb,,,1,pimenta preta
10,7,1,colher de sopa,1,tbsp,,,1,concentrado de tomate
10,80,4,unidades,4,U,,,1,beringela
10,32,1,qb,1,qb,,,0,salsa
10,81,1,colher de sopa,1,tbsp,,,1,pasta de pimentão
10,82,2,colher de sopa,2,tbsp,,,1,manteiga
10,22,1,colher de sopa,1,tbsp,,,1,paprika
10,24,1,colher de sopa,1,tbsp,,,1,paprika fumada
10,17,1,unidades,1,U,,"assado com as beringelas. Retirar pele, cortar em tiras e servir",1,pimento vermelho
11,84,5,unidades,5,U,,,1,tomate de cacho
11,17,2,unidades,2,U,1 se for muito grande,,1,pimento vermelho
11,16,1,unidades,1,U,,,1,cebola
11,15,5,dentes,5,U,,,1,alho (dentes)
11,22,2,colher de sopa,2,tbsp,,,1,paprika
11,24,2,colher de sopa,2,tbsp,,,1,paprika fumada
11,23,3,colher de sopa,3,tbsp,,,1,cominho em pó
11,85,1.5,colher de sopa,1.5,tbsp,,,1,sementes de coentros em pó
11,70,1,qb,1,qb,,,0,coentros
11,86,0.5,unidades,0.5,U,,,0,queijo feta
11,87,4,fatias,4,U,o tipo não interessa desde que não seja pão de forma e seja bom para torradas,,1,pão artesanal
11,7,1,colher de sopa,1,tbsp,,,1,concentrado de tomate
11,10,2,colher de sopa,2,tbsp,,,1,azeite
11,1,1,qb,1,qb,,,1,sal
11,9,1,qb,1,qb,,,1,pimenta preta
11,33,6,unidades,6,U,,,1,ovos
12,88,1,canecas,1,c,não se pode substituir por grão cozido!!,,1,grão seco
12,16,1,unidades,1,U,,,1,cebola
12,15,3,dentes,3,U,,,1,alho (dentes)
12,1,1,qb,1,qb,,,1,sal
12,85,1,colher de sopa,1,tbsp,,,1,sementes de coentros em pó
12,23,1,colher de sopa,1,tbsp,,,1,cominho em pó
12,32,0.5,molhos,0.5,u,,,1,salsa
12,70,0.5,molhos,0.5,g,,,1,coentros
12,89,4,unidades,4,U,,,1,wraps
12,90,0.5,unidades,0.5,U,,,1,alface
12,91,0.5,unidades,0.5,U,,,1,tomate para salada
12,64,1,tsp,1,tsp,,,0,sumac
12,92,0.5,unidades,0.5,U,"Metade desta quantidade para molho, metade para salada",,1,pepino
12,79,0.5,canecas,0.5,c,,,1,iogurte
12,59,0.5,unidades,0.5,U,,,1,limão (sumo)
12,93,1.5,tsp,1.5,tsp,,,1,dill
12,10,1,colher de sopa,1,tbsp,,,1,azeite
12,86,0.5,unidades,0.5,U,,,0,queijo feta
13,94,1,unidades,1,U,,,1,peito de frango
13,96,1,unidades,1,U,peito de frango,,1,coxa de frango desossada
13,95,4,unidades,4,U,,,1,pitas
13,59,1,unidades,1,U,,,1,limão (sumo)
13,79,0.75,canecas,0.75,c,,,1,iogurte
13,7,2,tsp,2,tsp,,,1,concentrado de tomate
13,81,2,tsp,2,tsp,,,1,pasta de pimentão
13,25,2,tsp,2,tsp,,,1,alho em pó
13,97,1,tsp,1,tsp,,,0,curcuma em pó
13,24,1,colher de sopa,1,tbsp,,,1,paprika fumada
13,98,1,tsp,1,tsp,,,0,pimenta da jamaica em pó
13,26,1,tsp,1,tsp,,,1,cebola em pó
13,99,1,tsp,1,tsp,,,1,cardamomo em pó
13,100,0.5,tsp,0.5,tsp,,,0,cravinho em pó
13,1,3,tsp,3,tsp,,,1,sal
13,64,1,tsp,1,tsp,,,1,sumac
13,16,0.25,unidades,0.25,U,,,1,cebola
13,101,2,unidades,2,U,Pode substituir por cornichons mas pôr mais unidades,,1,pickles
13,15,1,dentes,1,U,,,1,alho (dentes)
13,90,0.5,unidades,0.5,U,,,1,alface
13,91,0.5,unidades,0.5,U,,,1,tomate para salada
13,92,0.5,unidades,0.5,U,,"Metade desta quantidade para molho, metade para salada",1,pepino
13,93,1.5,tsp,1.5,tsp,,,1,dill
13,10,1,colher de sopa,1,tbsp,,,1,azeite
14,102,400,g,400,g,não se pode substituir por arroz agulha ou basmati! Quanto muito arroz bomba ou risotto mas ainda não testei,,1,arroz carolino
14,103,10,unidades,10,U,,,1,camarão
14,104,400,g,400,g,,,1,ameijoas
14,105,3,unidades,3,U,lulas,,1,choquinho (limpo)
14,106,8,unidades,8,U,,,1,delicias de mar
14,84,2,unidades,2,U,,,1,tomate de cacho
14,7,2,colher de sopa,2,tbsp,,,1,concentrado de tomate
14,107,1.5,tsp,1.5,tsp,,,0,msg
14,108,0.5,tsp,0.5,tsp,,não por mais! Não é suposto ser picante,1,flocos de malagueta
14,32,0.5,molhos,0.5,u,,,0,salsa
14,70,0.5,molhos,0.5,g,,,0,coentros
14,16,1,unidades,1,U,,,1,cebola
14,109,1,unidades,1,U,,,0,chalota
14,1,1,qb,1,qb,,,1,sal
14,15,4,dentes,4,U,,,1,alho (dentes)
14,9,1,qb,1,qb,,,0,pimenta preta
14,110,0.5,copo,0.5,c,,,0,vinho branco
14,111,1.2,litro,1.2,ML,pode substituir por agua com sal ou caldo de peixe,,1,caldo de marisco
14,47,1,folha,1,U,,,0,nori
14,48,4,unidades,4,U,,,0,wakame
14,37,1,pedaços,1,U,,,0,konbu
15,113,8,filetes,8,U,,,1,anchovas
15,112,2,colher de sopa,2,tbsp,,,1,alcaparras
15,15,3,dentes,3,U,,,1,alho (dentes)
15,27,1,tsp,1,tsp,,,1,oregãos
15,7,0.5,colher de sopa,0.5,tbsp,,,1,concentrado de tomate
15,84,4,unidades,4,U,,,1,tomate de cacho
15,114,1.5,colher de sopa,1.5,tbsp,,de prefencia em rodelas sem caroço,1,azeitona preta
15,115,4,doses,4,u,outra massa,,1,esparguete
15,1,1,qb,1,qb,,por pouco - as anchovas são salgadas,1,sal
16,115,4,doses,4,u,,,1,esparguete
16,33,6,unidades,6,U,,,1,ovos
16,116,75,g,75,g,,,1,pecorino
16,117,150,g,150,g,bacon ou panceta - não tradicional mas não deixa ser bom. Nem tudo tem de ser como os gurus dizem,,1,guanciale
16,9,1,qb,1,qb,,,1,pimenta preta
16,1,1,qb,1,qb,,,1,sal
17,115,4,doses,4,u,outra massa,,1,esparguete
17,116,50,g,50,g,parmesão,,1,pecorino
17,117,150,g,150,g,bacon ou panceta - não tradicional mas não deixa ser bom. Nem tudo tem de ser como os gurus dizem,,1,guanciale
17,84,400,g,400,g,,,1,tomate de cacho
17,9,1,qb,1,qb,,,1,pimenta preta
17,60,1,unidades,1,U,flocos de malagueta secos ou um pepperoncino seco,,1,piri piri fresco
17,110,0.25,copo,0.25,c,,,1,vinho branco
17,10,1,qb,1,qb,,pôr pouco se a carne tiver pouca gordura. Se usar guanciale NÃO usar azeite - já é muito gordurento,1,azeite
18,118,1,canecas,1,c,,,1,lentilhas verdes
18,10,1,colher de sopa,1,tbsp,,,1,azeite
18,5,1,unidades,1,U,outra cebola serve,,1,cebola amarela
18,15,4,dentes,4,U,,,1,alho (dentes)
18,119,1.5,colher de sopa,1.5,tbsp,talvez lima? Ainda não testei,,1,vinagre de sidra
18,7,3,colher de sopa,3,tbsp,,,1,concentrado de tomate
18,120,1,colher de sopa,1,tbsp,chipotle demolhado ou paprika fumada + piri piri em pó,,1,chipotle em pó
18,23,1.5,colher de sopa,1.5,tbsp,,,1,cominho em pó
18,85,0.75,colher de sopa,0.75,tbsp,,,1,sementes de coentros em pó
18,24,2,colher de sopa,2,tbsp,,,1,paprika fumada
18,1,2,qb,2,qb,,,1,sal
18,17,1,unidades,1,U,,,1,pimento vermelho
18,121,1,unidades,1,U,,,1,pimento piquillo (conserva)
18,9,1,qb,1,qb,,,1,pimenta preta
18,89,8,unidades,8,U,,,1,wraps
18,122,8,qb,8,qb,"qualquer queijo serve desde que derreta bem. Já testei com mozarela, queijo da ilha e cheddar",,1,queijo para derreter
18,67,3,unidades,3,U,,,1,abacate
18,123,2,unidades,2,U,,,1,tomate roma
18,124,1,unidades,1,U,,,1,lima (sumo)
18,15,1,dentes,1,U,,,1,alho (dentes)
18,125,0.25,unidades,0.25,U,outra cebola serve,,1,cebola rouxa
18,70,0.33,molhos,0.33,g,,,1,coentros
19,126,4,canecas,4,c,,"em juliana, diminui muito enquanto cozinha",1,couve
19,4,1,unidades,1,U,,,1,cenoura
19,15,2,unidades,2,U,,,1,alho (dentes)
19,127,200,g,200,g,ramen instantaneo,,1,massa chinesa
19,128,1,canecas,1,c,,,0,rebentos de soja
19,42,3,unidades,3,U,,,1,cebolinha
19,129,1.5,colher de sopa,1.5,tbsp,,,0,bambu
19,55,2,tsp,2,tsp,,,1,amido de milho
19,44,1.5,colher de sopa,1.5,tbsp,,,1,molho de soja
19,130,1.5,colher de sopa,1.5,tbsp,,,1,molho de ostras
19,45,1,tsp,1,tsp,,,0,molho de soja escuro
19,52,1.5,colher de sopa,1.5,tbsp,mirin. Em ultimo caso sake,,1,vinho shaoxing
19,20,2,tsp,2,tsp,"se usar mirin, diminuir só para um. O mirin e mais doce",,1,açucar
19,132,0.5,tsp,0.5,tsp,,,1,oleo de sesamo
19,46,1,qb,1,qb,,,1,pimenta branca
19,33,4,unidades,4,U,,,1,ovos
19,103,4,unidades,4,U,coxa de frango fatiada ou qualquer outra carne/marisco,,1,camarão
20,133,1,canecas,1,c,"basmati e jasmin tambem funcionam, só não usar grão curto como risotto, sushi ou carolino",,1,arroz agulha
20,33,6,unidades,6,U,,,1,ovos
20,109,2,unidades,2,U,,,1,chalota
20,15,8,dentes,8,U,,,1,alho (dentes)
20,42,3,unidades,3,U,,,1,cebolinha
20,107,1,colher de sopa,1,tbsp,,,1,msg
20,43,1,cubos,1,U,,,0,caldo de frango
20,41,2,polegar,2,U,,,1,gengibre
20,134,1,unidades,1,U,,,1,malagueta vermelha
20,135,2,colher de sopa,2,tbsp,oleo vegetal é OK,,1,oleo de amendoin
20,132,1,colher de sopa,1,tbsp,,,0,oleo de sesamo
21,138,1,canecas,1,c,jasmin ou agulha,pessoalmente gosto de misturar agulha e basmati,1,arroz basmati
21,135,1,colher de sopa,1,tbsp,,,1,oleo de amendoin
21,136,2,tsp,2,tsp,molho de peixe ou omitir,cheira muito mal mas é normal,1,pasta de camarão
21,134,1,unidades,1,U,,,1,malagueta vermelha
21,137,2,colher de sopa,2,tbsp,molho de soja com açucar mascavado,,1,kecap manis
21,45,1,tsp,1,tsp,,,1,molho de soja escuro
21,97,1,tsp,1,tsp,,,1,curcuma em pó
21,15,4,dentes,4,U,,,1,alho (dentes)
21,16,1,unidades,1,U,,,1,cebola
21,43,1,cubos,1,U,,,0,caldo de frango
21,92,0.5,unidades,0.5,U,,,1,pepino
21,91,1,unidades,1,U,,,0,tomate para salada
21,33,6,unidades,6,U,,,0,ovos
21,124,1,unidades,1,U,,,0,lima (sumo)
21,139,1,qb,1,qb,,,1,cebola frita
21,103,6,unidades,6,U,coxa de frango fatiada ou peito de frango,,1,camarão
22,140,750,g,750,g,,,1,carne de vaca (estufar)
22,53,5,colher de sopa,5,tbsp,,,1,oleo vegetal
22,141,1,unidades,1,U,,,1,canela
22,142,3,unidades,3,U,,,1,cravinho
22,143,3,unidades,3,U,,,1,estrela de anis
22,144,3,unidades,3,U,,,1,cardamomo verde
22,145,4,unidades,4,U,"não é tradicional, mas já substitui por uma raspa de limão e fica bom (mas não igual)",,1,erva principe
22,146,1,canecas,1,c,,,1,leite de coco
22,147,2,tsp,2,tsp,pode substituir por METADE de concentrado de tamarindo ou tamarindo fresco,não confundir com o concentrado - é muito mais potente o concentrado,1,polpa de tamarindo
22,148,6,unidades,6,U,substituir por mais raspa de limão ou a versão seca,,1,folhas de lima kaffir
22,149,6,colher de sopa,6,tbsp,,,1,coco ralado
22,1,1,qb,1,qb,,,1,sal
22,109,5,unidades,5,U,,,1,chalota
22,15,5,dentes,5,U,,,1,alho (dentes)
22,41,1,polegar,1,U,,,1,gengibre
22,134,2,unidades,2,U,,ajustar o picante. Incluir sementes para mais picante,1,malagueta vermelha
23,150,12,unidades,12,U,cogumelos brancos,,1,cogumelos marron
23,33,2,unidades,2,U,,,1,ovos
23,16,0.5,unidades,0.5,U,,,1,cebola
23,151,0.5,canecas,0.5,c,,,1,queijo cheddar
23,152,0.25,canecas,0.25,c,,,1,farinha
23,1,0.5,tsp,0.5,tsp,,,1,sal
23,153,0.25,tsp,0.25,tsp,tomilho fresco,,0,tomilho seco
23,9,0.25,tsp,0.25,tsp,,,0,pimenta preta
23,53,1,colher de sopa,1,tbsp,,,1,oleo vegetal
23,154,4,unidades,4,U,qualquer pão fofinho - crocante não funciona bem,,1,pão de hamburguer
23,90,0.25,unidades,0.25,U,,,1,alface
23,91,1,unidades,1,U,,,0,tomate para salada
23,155,2,colher de sopa,2,tbsp,,,0,maionese
23,156,0.5,canecas,0.5,c,panko ou mais farinha,,1,pão ralado
24,2,500,g,500,g,,,1,carne picada (vaca)
24,25,1,tsp,1,tsp,,,1,alho em pó
24,26,1,tsp,1,tsp,,,1,cebola em pó
24,24,2,tsp,2,tsp,,,1,paprika fumada
24,23,1,tsp,1,tsp,,,1,cominho em pó
24,1,1,tsp,1,tsp,,,1,sal
24,157,1,unidades,1,U,ou meio pimento vermelho (para não picante) ou 1 malagueta vermelha,,1,jalapeno
24,158,1,unidades,1,U,,,1,tomate
24,159,0.75,unidades,0.75,U,outra cebola serve,,1,cebola branca
24,32,0.33,molhos,0.33,u,,,1,salsa
24,70,0.33,molhos,0.33,g,,,1,coentros
24,86,0.5,unidades,0.5,U,,,1,queijo feta
24,89,4,unidades,4,U,pode ser em pitas,,1,wraps
24,90,0.5,unidades,0.5,U,,,1,alface
24,91,0.5,unidades,0.5,U,,,1,tomate para salada
24,64,1,tsp,1,tsp,,,1,sumac
24,92,0.5,unidades,0.5,U,,,1,pepino
24,79,0.5,canecas,0.5,c,,,1,iogurte
24,59,0.5,unidades,0.5,U,,,1,limão (sumo)
24,93,1.5,tsp,1.5,tsp,,,1,dill
24,10,1,colher de sopa,1,tbsp,,,1,azeite
25,94,900,g,900,g,,,1,peito de frango
25,5,2,unidades,2,U,,,1,cebola amarela
25,15,4,dentes,4,U,,,1,alho (dentes)
25,41,1,polegar,1,U,,,1,gengibre
25,53,3,colher de sopa,3,tbsp,,,1,oleo vegetal
25,160,3,colher de sopa,3,tbsp,,,1,caril em pó
25,1,1.5,tsp,1.5,tsp,,,1,sal
25,9,0.5,tsp,0.5,tsp,,,1,pimenta preta
25,84,5,unidades,5,U,,quatro se forem muito grandes,1,tomate de cacho
25,146,400,g,400,g,,,1,leite de coco
25,161,1,tsp,1,tsp,,,1,garam masala
25,70,0.33,molhos,0.33,g,,,1,coentros
26,140,750,g,750,g,,,1,carne de vaca (estufar)
26,53,3,colher de sopa,3,tbsp,ghee é melhor ainda,,1,oleo vegetal
26,16,2,unidades,2,U,,,1,cebola
26,15,4,dentes,4,U,,,1,alho (dentes)
26,41,1,polegar,1,U,,,1,gengibre
26,84,2,unidades,2,U,,3 se forem pequenos,1,tomate de cacho
26,79,3,colher de sopa,3,tbsp,,,1,iogurte
26,1,1,qb,1,qb,,,1,sal
26,162,1,unidades,1,U,cardamomo verde,,1,cardamomo preto
26,142,3,unidades,3,U,,,1,cravinho
26,141,1,unidades,1,U,,,1,canela
26,163,1,unidades,1,U,,,1,louro
26,23,1,tsp,1,tsp,,,1,cominho em pó
26,85,1.5,tsp,1.5,tsp,,,1,sementes de coentros em pó
26,97,1,tsp,1,tsp,,,1,curcuma em pó
26,164,1.5,tsp,1.5,tsp,gochujaru ou paprika com um pouco de cayena - não é muito picante.,Ajustar picante a gosto,1,kashmiri chilli em pó
26,161,0.5,tsp,0.5,tsp,,,1,garam masala
27,165,1,canecas,1,c,,,1,flocos de bonito
27,37,1,pedaços,1,U,,,1,konbu
27,51,200,g,200,g,,,1,tofu
27,48,1,colher de sopa,1,tbsp,,,1,wakame
27,42,1,unidades,1,U,,,1,cebolinha
27,72,4,lombos,4,U,,,1,salmão
27,166,2,colher de sopa,2,tbsp,,,1,teryaki
27,73,1,canecas,1,c,,,1,arroz de sushi
27,126,0.5,unidades,0.5,U,,,1,couve
27,4,1,unidades,1,U,,,1,cenoura
27,38,1,tsp,1,tsp,,,1,sementes de sesamo
28,155,0.33,canecas,0.33,c,,,1,maionese
28,31,2,latas,2,g,,,1,atum (em lata)
28,3,1,talo,1,U,,,1,aipo
28,101,2,unidades,2,U,cornichons,,1,pickles
28,125,0.25,unidades,0.25,U,,,1,cebola rouxa
28,32,2,colher de sopa,2,tbsp,,,1,salsa
28,1,1,qb,1,qb,,,1,sal
28,9,1,qb,1,qb,,,1,pimenta preta
28,108,0.5,tsp,0.5,tsp,,ajustar o picante,1,flocos de malagueta
28,82,4,colher de sopa,4,tbsp,substitutos de manteiga OK,,1,manteiga
28,158,1,unidades,1,U,,,1,tomate
28,151,8,fatias,8,U,,,0,queijo cheddar
28,59,0.5,unidades,0.5,U,,,1,limão (sumo)
28,87,8,fatias,8,U,,,1,pão artesanal
28,27,2,tsp,2,tsp,,,0,oregãos
28,167,2,tsp,2,tsp,,,0,sementes de papoila
29,168,1,colher de sopa,1,tbsp,,ajustar o picante,1,pasta de caril vermelho
29,109,2,unidades,2,U,,,1,chalota
29,160,1,colher de sopa,1,tbsp,,,1,caril em pó
29,15,5,dentes,5,U,,,1,alho (dentes)
29,146,400,g,400,g,,,1,leite de coco
29,43,1,litro,1,ML,,,1,caldo de frango
29,103,4,unidades,4,U,,,1,camarão
29,75,1,unidades,1,U,,"não é tradicional, para uma versao mais tradicional procurar bolos de peixe malaios",0,mimos de pescada
29,104,150,g,150,g,,,0,ameijoas
29,169,1,colher de sopa,1,tbsp,,cheira mal mas sem medo,1,molho de peixe
29,34,2,unidades,2,U,,,1,ramen
29,53,1,colher de sopa,1,tbsp,,,1,oleo vegetal
29,70,1,qb,1,qb,,,1,coentros
29,124,1,unidades,1,U,,,1,lima (sumo)
30,125,1,unidades,1,U,,,1,cebola rouxa
30,158,5,unidades,5,U,,eu uso de cacho,1,tomate
30,53,2,colher de sopa,2,tbsp,ou ghee é melhor ainda,,1,oleo vegetal
30,15,5,dentes,5,U,,,1,alho (dentes)
30,161,2,tsp,2,tsp,,,1,garam masala
30,164,2,tsp,2,tsp,guchujaru ou paprika+cayena,,1,kashmiri chilli em pó
30,97,2,tsp,2,tsp,,,1,curcuma em pó
30,23,1.5,tsp,1.5,tsp,,,1,cominho em pó
30,85,1.5,tsp,1.5,tsp,,,1,sementes de coentros em pó
30,160,0.5,tsp,0.5,tsp,,,1,caril em pó
30,1,1.5,tsp,1.5,tsp,,,1,sal
30,20,0.5,tsp,0.5,tsp,,,1,açucar
30,79,2,colher de sopa,2,tbsp,,,1,iogurte
30,94,2,unidades,2,U,"fica melhor com um de peito, um de coxa",,1,peito de frango
30,70,0.33,molhos,0.33,g,,,1,coentros
31,170,6,unidades,6,U,,,1,pernas de frango
31,15,2,dentes,2,U,,,1,alho (dentes)
31,79,0.75,canecas,0.75,c,,,1,iogurte
31,97,0.25,tsp,0.25,tsp,,,1,curcuma em pó
31,164,2,tsp,2,tsp,paprika,,1,kashmiri chilli em pó
31,99,0.75,tsp,0.75,tsp,,,1,cardamomo em pó
31,1,2,colher de sopa,2,tbsp,,,1,sal
31,171,0.5,unidades,0.5,U,,,1,malagueta verde
31,59,2,tsp,2,tsp,,,1,limão (sumo)
31,139,1,colher de sopa,1,tbsp,,,1,cebola frita
31,138,1.5,canecas,1.5,c,,,1,arroz basmati
31,162,3,unidades,3,U,,,1,cardamomo preto
31,143,3,unidades,3,U,,,1,estrela de anis
31,163,1,unidades,1,U,,,1,louro
31,141,4,unidades,4,U,,,1,canela
31,144,15,unidades,15,U,,,1,cardamomo verde
31,172,2.5,colher de sopa,2.5,tbsp,,de preferencia pretos,1,cominhos
31,142,3,tsp,3,tsp,,,1,cravinho
31,53,2,colher de sopa,2,tbsp,,,1,oleo vegetal
31,13,50,g,50,g,,,1,leite
31,173,1,qb,1,qb,substituir por curcuma que é muito mais barato,,1,açafrão
31,70,0.25,canecas,0.25,c,,,1,coentros
31,174,0.33,canecas,0.33,c,,,1,menta
31,59,0.33,unidades,0.33,U,,,1,limão (sumo)
31,82,3,colher de sopa,3,tbsp,ghee é melhor ainda,,1,manteiga
31,175,0.25,canecas,0.25,c,,,1,sementes de coentros
31,176,2,tsp,2,tsp,,,1,sementes de funcho
31,9,1,tsp,1,tsp,,,1,pimenta preta
31,179,1,qb,1,qb,,,1,noz moscada
32,103,1,kg,1,g,,,1,camarão
32,124,1,unidades,1,U,,,1,lima (sumo)
32,9,1,qb,1,qb,,,1,pimenta preta
32,1,1,qb,1,qb,,,1,sal
32,177,1,kg,1,g,,,1,mandioca
32,163,1,unidades,1,U,,,1,louro
32,16,3,unidades,3,U,,,1,cebola
32,146,400,g,400,g,,,1,leite de coco
32,18,400,g,400,g,,,1,polpa de tomate
32,17,1,unidades,1,U,,,1,pimento vermelho
32,32,1,molhos,1,u,,,1,salsa
33,10,2,colher de sopa,2,tbsp,,,1,azeite
33,94,2,unidades,2,U,mais coxas de frango,,1,peito de frango
33,96,2,unidades,2,U,mais peitos de frango,,1,coxa de frango desossada
33,125,1,unidades,1,U,,,1,cebola rouxa
33,1,1,qb,1,qb,,,1,sal
33,5,1,unidades,1,U,,,1,cebola amarela
33,23,1.5,tsp,1.5,tsp,,,1,cominho em pó
33,85,1.5,tsp,1.5,tsp,,,1,sementes de coentros em pó
33,24,1,tsp,1,tsp,,,1,paprika fumada
33,120,1.5,tsp,1.5,tsp,por mais paprika fumada + flocos de malagueta,,0,chipotle em pó
33,15,4,dentes,4,U,,,1,alho (dentes)
33,70,0.5,molhos,0.5,g,,,1,coentros
33,89,4,unidades,4,U,,,1,wraps
33,18,400,g,400,g,,,1,polpa de tomate
33,79,4,colher de sopa,4,tbsp,vache que ri,,1,iogurte
34,1,1,tsp,1,tsp,,,1,sal
34,27,1,tsp,1,tsp,,,1,oregãos
34,26,1,tsp,1,tsp,,,1,cebola em pó
34,23,2,tsp,2,tsp,,,1,cominho em pó
34,24,2,tsp,2,tsp,,,1,paprika fumada
34,120,2,tsp,2,tsp,1 tsp de cayena ou outro picante em pó,,1,chipotle em pó
34,10,0.5,colher de sopa,0.5,tbsp,,,1,azeite
34,9,0.25,tsp,0.25,tsp,,,1,pimenta preta
34,15,2,tsp,2,tsp,,,1,alho (dentes)
34,125,1,unidades,1,U,,,1,cebola rouxa
34,2,500,g,500,g,,,1,carne picada (vaca)
34,7,2,colher de sopa,2,tbsp,,,1,concentrado de tomate
34,180,0.5,unidades,0.5,U,couve rouxa,,1,alface iceberg
34,181,0.5,canecas,0.5,c,,,1,milho
34,66,1,lata pequena,1,g,,,1,feijão preto
34,158,3,unidades,3,U,,,1,tomate
34,70,1,qb,1,qb,,,0,coentros
34,133,1,canecas,1,c,,,1,arroz agulha
34,122,150,g,150,g,,,0,queijo para derreter
34,17,1,unidades,1,U,,,1,pimento vermelho
35,182,3,unidades,3,U,,,1,batata branca para fritar
35,5,1,unidades,1,U,,,1,cebola amarela
35,33,5,unidades,5,U,,,1,ovos
35,10,3,canecas,3,c,,depende do tamanho da frigideira,1,azeite
36,103,16,unidades,16,U,,,1,camarão
36,15,8,dentes,8,U,,,1,alho (dentes)
36,183,4,unidades,4,U,,,1,piri piri seco
36,110,0.33,copo,0.33,c,,,1,vinho branco
36,1,1,qb,1,qb,,,1,sal
36,184,0.5,unidades,0.5,U,ou outro pão artesanal,,1,baguette
36,10,0.33,copo,0.33,c,,,1,azeite
37,104,1,kg,1,g,,,1,ameijoas
37,15,6,dentes,6,U,,,1,alho (dentes)
37,70,1,molhos,1,g,,,1,coentros
37,110,0.5,copo,0.5,c,,,1,vinho branco
37,10,1.5,colher de sopa,1.5,tbsp,,,1,azeite
37,59,1,qb,1,qb,,eu ponho metade de um limão mal espremido e provo. Depois corrijo se quiser mais,1,limão (sumo)
37,87,6,fatias,6,U,de preferencia rustico e fatiado mas algo como baguette pode funcionar,,1,pão artesanal
37,1,1,qb,1,qb,,,1,sal
37,9,1,qb,1,qb,,,1,pimenta preta
38,185,60,g,60,g,,,1,manjericão
38,186,26,g,26,g,eu uso caju porque sou alergico a pinhão,,1,pinhão
38,1,0.5,tsp,0.5,tsp,,,1,sal
38,9,0.25,tsp,0.25,tsp,,,1,pimenta preta
38,15,2,dentes,2,U,,,1,alho (dentes)
38,10,0.25,canecas,0.25,c,,,1,azeite
38,187,20,g,20,g,,,1,parmesão
38,188,2,doses,2,g,ou outra massa. Massa curta funciona melhor mas até esparguete serve,,1,fusili
39,152,650,g,650,g,,,1,farinha
39,1,1,colher de sopa,1,tbsp,,,1,sal
39,20,1.3,colher de sopa,1.3,tbsp,,,1,açucar
39,189,1,colher de sopa,1,tbsp,,,1,fermento de padeiro
39,10,4,colher de sopa,4,tbsp,,,1,azeite
39,18,800,g,800,g,,,1,polpa de tomate
39,27,2,tsp,2,tsp,,,1,oregãos
39,190,5,unidades,5,U,,,1,mozarela
39,187,32,g,32,g,,,1,parmesão
39,185,40,g,40,g,,,1,manjericão
40,138,250,g,250,g,,,1,arroz basmati
40,191,1,kg,1,g,,,1,polvo
40,1,1,qb,1,qb,,,1,sal
40,15,5,dentes,5,U,,,1,alho (dentes)
40,16,1,unidades,1,U,,,1,cebola
40,163,2,unidades,2,U,,,1,louro
40,84,1,unidades,1,U,,,1,tomate de cacho
40,7,0.5,colher de sopa,0.5,tbsp,,,1,concentrado de tomate
40,9,1,qb,1,qb,,,1,pimenta preta
40,10,1,qb,1,qb,,,1,azeite
41,87,1,kg,1,g,,,1,pão artesanal
41,103,800,g,800,g,,,1,camarão
41,70,1,qb,1,qb,,,1,coentros
41,108,0.2,tsp,0.2,tsp,,não é para ser picante!!,1,flocos de malagueta
41,15,4,dentes,4,U,,,1,alho (dentes)
41,33,2,unidades,2,U,,,1,ovos
41,10,1,qb,1,qb,,,1,azeite
41,84,1,unidades,1,U,,,1,tomate de cacho
41,7,0.5,colher de sopa,0.5,tbsp,,,1,concentrado de tomate
41,9,1,qb,1,qb,,,1,pimenta preta
41,1,1,qb,1,qb,,,1,sal
42,192,250,g,250,g,,,1,penne rigate
42,165,2,tsp,2,tsp,,,1,flocos de bonito
42,31,1,latas,1,g,,,1,atum (em lata)
42,113,8,filetes,8,U,,,1,anchovas
42,84,2,unidades,2,U,,,1,tomate de cacho
42,7,1,colher de sopa,1,tbsp,,,1,concentrado de tomate
42,10,1,qb,1,qb,,,1,azeite
42,15,2,dentes,2,U,,,1,alho (dentes)
42,125,1,unidades,1,U,,,1,cebola rouxa
42,3,1,talo,1,U,,,1,aipo
42,27,0.5,tsp,0.5,tsp,,,1,oregãos
42,13,2,colher de sopa,2,tbsp,,,1,leite
43,175,1,colher de sopa,1,tbsp,"sementes de coentros em pó, ",,1,sementes de coentros
43,15,1,dentes,1,U,,,1,alho (dentes)
43,1,1,qb,1,qb,,,1,sal
43,59,1.5,unidades,1.5,U,,,1,limão (sumo)
43,24,1,colher de sopa,1,tbsp,,,1,paprika fumada
43,153,1,colher de sopa,1,tbsp,,,1,tomilho seco
43,9,1,qb,1,qb,,,1,pimenta preta
43,10,100,ml,100,ML,,,1,azeite
43,96,600,g,600,g,,,1,coxa de frango desossada
43,90,0.5,unidades,0.5,U,,,1,alface
43,91,0.5,unidades,0.5,U,,,1,tomate para salada
43,64,1,tsp,1,tsp,,,1,sumac
43,92,0.5,unidades,0.5,U,,,1,pepino
43,79,0.5,canecas,0.5,c,,,1,iogurte
43,93,1.5,tsp,1.5,tsp,,,1,dill
43,89,3,unidades,3,U,,,1,wraps
43,182,2,unidades,2,U,,,1,batata branca para fritar
44,193,200,g,200,g,,,1,noodles de arroz (largos)
44,42,2,unidades,2,U,,,1,cebolinha
44,109,1,unidades,1,U,,,1,chalota
44,194,2,colher de sopa,2,tbsp,açucar de cana,,1,açucar de palma
44,169,2.5,colher de sopa,2.5,tbsp,,,1,molho de peixe
44,147,2,colher de sopa,2,tbsp,concentrado de tamarindo mas metade ou tamarindo fresco ,,1,polpa de tamarindo
44,45,0.5,colher de sopa,0.5,tbsp,,,1,molho de soja escuro
44,96,2,unidades,2,U,,,1,coxa de frango desossada
44,103,6,unidades,6,U,,,1,camarão
44,128,1,canecas,1,c,,,1,rebentos de soja
44,195,2,colher de sopa,2,tbsp,,,1,amendoin torrado
44,33,4,unidades,4,U,pode substituir 2 por tofu,,1,ovos
2,178,420,g,420,g,,,1,feijão vermelho (cozido)
46,196,2,postas,2,U,,,1,posta de robalo
47,197,500,g,500,g,,,1,massa de pho
47,198,3000,g,3000,g,,,1,ossos de vaca
47,199,450,g,450,g,,,1,carne de vaca
47,5,2,unidades,2,u,,,1,cebola amarela
47,41,1,unidades,1,u,,grande,1,gengibre
47,141,1,unidades,1,u,,,1,canela
47,143,4,unidades,4,u,,,1,estrela de anis
47,142,5,unidades,5,u,,,1,cravinho
47,175,20,g,20,g,,,1,sementes de coentros
47,169,2,colheres de sopa,2,tbsp,,,1,molho de peixe
47,20,30,g,30,g,,,1,açucar
47,70,1,qb,1,qb,,,1,coentros
47,134,1,unidades,1,u,,,1,malagueta vermelha
47,176,1,tsp,1,tsp,,,1,sementes de funcho
47,144,2,unidades,2,u,,,1,cardamomo verde
47,162,2,unidades,1,u,,,1,cardamomo preto
47,53,2,tbsp,2,tbsp,,,1,oleo vegetal
47,128,0.5,cups,0.5,c,,,0,rebentos de soja
47,124,1,unidades,1,u,,,,lima (sumo)
47,159,1,unidades,1,u,,,,cebola branca
48,94,2,unidades,2,u,,,,peito de frango
48,121,1,unidades,1,u,,,,pimento piquillo (conserva)
48,17,1,unidades,1,u,,,,pimento vermelho
48,18,200,ml,200,ml,,,,polpa de tomate
48,125,1,unidades,1,u,outra cebola serve,,,cebola rouxa
48,15,4,unidades,4,u,,,,alho (dentes)
48,25,1,tbsp,1,tbsp,,,,alho em pó
48,26,1,tbsp,1,tbsp,,,,cebola em pó
48,27,1,tsp,1,tsp,,,,oregãos
48,24,1,tbsp,1,tbsp,,,,paprika fumada
48,22,1,tbsp,1,tbsp,,,,paprika
48,23,1,tbsp,1,tbsp,,,,cominho em pó
48,89,6,unidades,6,u,,,,wraps
48,122,1,qb,1,qb,,,,queijo para derreter
48,119,1,tbsp,1,tbsp,,,,vinagre de sidra
48,120,2,tbsp,1,tbsp,,,,chipotle em pó
48,124,1,unidades,1,u,,,,lima (sumo)
49,115,4,doses,4,u,,,,esparguete
49,84,3,unidades,3,u,,,,tomate de cacho
49,3,1,unidades,1,u,,,,aipo
49,4,1,unidades,1,u,,,0,cenoura
49,5,1,unidades,1,u,,,,cebola amarela
49,7,1,tbsp,1,tbsp,,,,concentrado de tomate
49,31,1,lata,1,u,,,,atum (em lata)
50,57,2,unidades,2,u,,,,bife de vaca
51,200,600,g,600,g,,,,lulas
52,140,500,g,500,g,,,,carne de vaca (estufar)
52,201,330,ml,330,ml,,,,cerveja trapista
52,5,2,unidades,2,u,,,,cebola amarela
52,142,1,unidades,1,u,,,,cravinho
52,87,1,fatias,1,u,,,,pão artesanal
52,202,1,tbsp,1,tbsp,,,,mustarda dijon
52,58,1,tbsp,1,tbsp,,,,vinagre tinto
52,163,2,unidades,2,u,,,,louro
52,153,1,tsp,1,tsp,,,,tomilho seco
52,15,2,unidades,2,u,,,,alho (dentes)
52,82,2,tbsp,2,tbsp,,,,manteiga
52,19,2,tbsp,2,tbsp,,,,caldo de vaca
52,29,1,quadrado,1,u,,,,chocolate negro
55,152,650,g,650,g,,,1,farinha
55,1,1,colher de sopa,1,tbsp,,,1,sal
55,20,1.3,colher de sopa,1.3,tbsp,,,1,açucar
55,189,1,colher de sopa,1,tbsp,,,1,fermento de padeiro
55,10,4,colher de sopa,4,tbsp,,,1,azeite
55,18,800,g,800,g,,,1,polpa de tomate
55,27,2,tsp,2,tsp,,,1,oregãos
55,190,5,unidades,5,U,,,1,mozarela
55,187,32,g,32,g,,,1,parmesão
55,31,2,latas,2,u,,,,atum (em lata)
55,125,1,unidades,1,u,,,,cebola rouxa
54,9,1,tbsp,1,tbsp,,,,pimenta preta
54,46,0.5,tbsp,0.5,tbsp,,,,pimenta branca
54,57,2,unidades,2,u,,,,bife de vaca
54,203,0.25,tbsp,0.25,tbsp,,,,pimenta rosa
54,204,0.5,tbsp,0.5,tbsp,,,,pimenta verde
54,1,1,tsp,1,tsp,,,,sal
54,82,2,tbsp,2,tbsp,,,,manteiga
54,109,1,unidades,1,u,,,,chalota
54,202,1,tsp,1,tsp,,,,mustarda dijon
54,13,0.5,cups,0.5,c,cream,,,leite
54,205,0.25,cups,0.25,c,,,,brandy
54,53,2,tbsp,2,tbsp,,,,oleo vegetal
53,103,20,unidades,8,u,pode substituir 6 por lagostins,,,camarão
53,200,200,g,200,g,,,,lulas
53,104,100,g,100,g,,,,ameijoas
53,15,3,unidades,2,u,,,,alho (dentes)
53,5,1,unidades,1,u,,,,cebola amarela
53,32,20,g,20,g,,,,salsa
53,84,1,unidades,1,u,,,,tomate de cacho
53,206,1,unidades,1,u,pode substituir por outro pimento seco,,,pimentos ñora
53,1,1,qb,1,qb,,,,sal
53,10,2,tbsp,2,tbsp,,,,azeite
53,102,320,g,320,g,,,,arroz carolino
53,111,3,cups,3,c,,,,caldo de marisco
56,1,1,qb,1,qb,,,1,sal
56,2,400,g,400,g,,,1,carne picada (vaca)
56,3,60,g,60,g,,,1,aipo
56,4,60,g,60,g,,,1,cenoura
56,5,60,g,60,g,,,1,cebola amarela
56,6,150,g,150,g,Bacon,,1,pancetta
56,7,1,colher de sopa,1,tbsp,,,1,concentrado de tomate
56,8,1,copo,1,c,,,1,vinho tinto
56,9,1,qb,1,qb,,,1,pimenta preta
56,10,3,colher de sopa,3,tbsp,,,1,azeite
56,11,200,g,200,g,eu gosto de substituir por 3 ou 4 tomates frescos passados num blender,,1,passata
56,12,200,g,200,g,,,1,caldo de vegetais
56,13,100,ml,100,ml,,,1,leite
56,207,500,g,500,g,,,,folhas de lasanha
56,208,400,ml,400,ml,,,,bechamel
56,122,2,cups,2,c,,,,queijo para derreter
57,104,1,kg,1000,g,,,,ameijoas
57,15,1,unidades,1,u,,,,alho (dentes)
57,10,1,tbsp,1,tbsp,,,,azeite
57,1,1,qb,1,qb,,,,sal
57,9,1,qb,1,qb,,,,pimenta preta
57,32,1,molhos,1,u,,,,salsa
58,185,1,bunch,1,u,,,,manjericão
58,84,250,g,250,g,,,,tomate de cacho
58,17,400,g,400,g,,,,pimento vermelho
58,9,1,qb,1,qb,,,,pimenta preta
58,1,1,qb,1,qb,,,,sal
58,10,1,qb,1,qb,,,,azeite
58,15,1,unidades,1,u,,,,alho (dentes)
58,192,320,g,320,g,,,,penne rigate
59,94,2,unidades,2,u,,,,peito de frango
59,53,3,tbsp,3,tbsp,,,,oleo vegetal
59,33,1,unidades,1,u,,,,ovos
59,55,0.5,cups,0.5,c,,,,amido de milho
59,1,0.5,tsp,0.5,tsp,,,,sal
59,209,1,unidades,1,u,,,,molho agridoce
59,15,2,dentes,2,u,,,,alho (dentes)
59,159,0.5,unidades,0.5,u,,,,cebola branca
59,17,1,unidades,1,u,,,,pimento vermelho
60,34,3,unidades,3,u,pode substituir por outra massa de trigo,,,ramen
60,53,1,tbsp,1,tbsp,,,,oleo vegetal
60,54,250,g,250,g,,,,carne picada (porco)
60,52,2,tbsp,2,tbsp,,,,vinho shaoxing
60,44,2.5,tbsp,2.5,tbsp,,,,molho de soja
60,45,0.5,tsp,0.5,tsp,,,,molho de soja escuro
60,195,1,tbsp,1,tbsp,,,,amendoin torrado
60,210,1,unidades,1,u,,,0,bok choi
60,211,3,tsp,3,tsp,,,,pasta de sesamo chinesa
60,212,1,tbsp,1,tbsp,,,,vinagre chinkiang
60,15,2,dentes,2,u,,,,alho (dentes)
60,50,1,tsp,1,tsp,,,,pimentas sichuan
61,52,1,tsp,1,tsp,,,,vinho shaoxing
61,33,1,unidades,1,u,,,,ovos
61,55,1.5,tbsp,1.5,tbsp,,,,amido de milho
61,53,3,tbsp,1,tbsp,,,,oleo vegetal
61,44,1,tbsp,1,tbsp,,,,molho de soja
61,45,1,tsp,1,tsp,,,,molho de soja escuro
61,130,1,tbsp,1,tbsp,,,,molho de ostras
61,132,1,tsp,1,tsp,,,,oleo de sesamo
61,20,0.5,tsp,0.5,tsp,,,,açucar
61,94,2,unidades,2,u,,,,peito de frango
61,4,1,unidades,1,u,,,,cenoura
61,5,1,unidades,1,u,,,,cebola amarela
61,15,2,unidades,2,u,,,,alho (dentes)
61,214,5,unidades,5,u,,,,cogumelos shitake
61,43,0.5,cups,0.5,c,,,0,caldo de frango
61,17,1,unidades,1,u,,,,pimento vermelho
62,54,250,g,250,g,,,,carne picada (porco)
62,103,250,g,150,g,,e so 150 em carne camarao,,camarão
62,52,0.5,tbsp,0.5,tbsp,,,,vinho shaoxing
62,46,1,qb,1,qb,,,,pimenta branca
62,20,1,tsp,1,tsp,,,,açucar
62,55,1,tbsp,1,tbsp,,,,amido de milho
62,40,4,unidades,4,u,,,,cogumelos shitake secos
62,215,1,tsp,1,tsp,,,,pó de frango
62,132,1,tbsp,1,tbsp,,,,oleo de sesamo
62,216,20,unidades,20,u,,,,wrappers de wonton
62,44,1,tbsp,1,tbsp,,,,molho de soja
62,212,1,tbsp,1,tbsp,,,,vinagre chinkiang
62,213,1,tbsp,1,tbsp,,,,chilli oil chines
63,217,10,unidades,10,u,,,,nuggets
63,73,1,cups,1,c,,,,arroz de sushi
63,47,1,folha,1,u,,,,nori
63,220,0.5,tsp,0.5,tsp,,,,vinagre de arroz
63,219,3,tbsp,3,tbsp,,,,maionese kewpie
63,44,1,tsp,1,tsp,,,,molho de soja
63,132,1,qb,1,qb,,,,oleo de sesamo
63,76,2,tsp,2,tsp,,,,sriracha
63,42,1,unidades,1,u,,,,cebolinha
63,38,1,tbsp,1,tbsp,,,,sementes de sesamo
64,84,1,unidades,1,U,,,,tomate de cacho
64,42,1,unidades,1,u,,,,cebolinha
64,25,0.25,tsp,0.25,tsp,,,,alho em pó
64,9,0.25,tsp,0.25,tsp,,,,pimenta preta
64,221,4,fatias,4,u,,,,pão de forma
64,82,2,tsp,2,tsp,,,,manteiga
64,90,4,folhas,60,g,,,,alface
64,222,120,g,120,g,,,,fiambre de peru fumado
64,67,0.5,unidades,0.5,u,,,,abacate
64,224,4,fatias,4,u,,,,queijo gouda
65,223,1,tbsp,1,tbsp,,o molho nao leva mas fica melhor,,ketchup
65,155,0.25,cups,0.25,c,,,,maionese
65,5,0.5,unidades,0.5,u,,,,cebola amarela
65,225,1,tsp,1,tsp,,,,mustarda amarela
65,226,0.5,tsp,0.5,tsp,,,,vinagre branco
65,20,0.5,tsp,0.5,tsp,,,,açucar
65,22,0.5,tsp,0.5,tsp,,,,paprika
65,1,0.125,tsp,0.125,tsp,,,,sal
65,25,0.125,tsp,0.125,tsp,,,,alho em pó
65,26,0.125,tsp,0.125,tsp,,,,cebola em pó
65,154,2,unidades,2,u,,,,pão de hamburguer
65,227,2,unidades,2,u,ou carne picada,,,hamburguer de vaca
65,101,2,unidades,2,u,,,,pickles
65,84,0.5,unidades,0.5,u,,,,tomate de cacho
65,90,2,folhas,30,g,,,,alface
66,79,1,cups,1,c,,,,iogurte
66,1,3,tsp,3,tsp,,,,sal
66,22,2,tsp,2,tsp,,,,paprika
66,161,2.25,tbsp,2.25,tbsp,,,,garam masala
66,15,8,dentes,8,u,,,,alho (dentes)
66,41,2,tbsp,2,tbsp,,,,gengibre
66,94,900,g,900,g,ou coxas,,,peito de frango
66,53,3,tbsp,3,tbsp,,,,oleo vegetal
66,20,2,tsp,2,tsp,,,,açucar
66,18,425,g,425,g,,,,polpa de tomate
66,228,240,ml,240,ml,,,,natas
66,70,1,qb,1,qb,,,,coentros
67,229,4,unidades,4,u,,,,ciabatta
67,230,8,fatias,8,u,,,,salmão fumado
67,69,6,unidades,6,u,,,,tomate cherry
67,231,120,g,120,g,,,,queijo crème
68,94,2,unidades,2,u,,,,peito de frango
68,232,100,g,100,g,,tem de ser em oleo,,tomates sun dried
68,15,5,dentes,5,u,,,,alho (dentes)
68,202,1,tbsp,1,tbsp,,,,mustarda dijon
68,228,250,ml,250,ml,,,,natas
68,10,1,tbsp,1,tbsp,,,,azeite
68,233,2,cups,2,c,,,,espinafres
68,187,0.5,cups,0.5,c,,,,parmesão
70,10,30,g,30,g,,,,azeite
70,15,1,dentes,1,u,,,,alho (dentes)
70,1,1,qb,1,qb,,,,sal
70,185,1,bunch,1,u,,,,manjericão
70,234,500,g,500,g,,,,gnochi
70,18,800,g,800,g,,,,polpa de tomate
71,235,2,unidades,2,u,,,,posta de bacalhau
71,61,240,g,240,g,,,,grão cozido
71,236,300,g,300,g,,"crua, deve perder peso depois de cozida",,couve coração
71,33,2,unidades,2,u,,,,ovos
71,4,2,unidades,2,u,,,,cenoura
71,10,1,qb,1,qb,,,,azeite
72,235,1,unidades,1,u,,,,posta de bacalhau
72,33,5,unidades,5,u,,,,ovos
72,5,2,unidades,2,u,,1 se for muito grande,,cebola amarela
72,15,4,unidades,4,u,,,,alho (dentes)
72,114,1,tbsp,1,tbsp,,,,azeitona preta
72,32,1,qb,1,qb,,,,salsa
72,237,200,g,200,g,,,,batata palha
73,238,24,unidades,24,u,,,,douradinhos
73,84,3,unidades,3,u,,,,tomate de cacho
73,7,1,tbsp,1,tbsp,,,,concentrado de tomate
73,22,1.5,tbsp,1.5,tbsp,,,,paprika
73,5,1,unidades,1,u,,,,cebola amarela
73,15,4,unidades,4,u,,,,alho (dentes)
73,138,0.25,cups,0.25,c,mais agulha,,,arroz basmati
73,133,0.5,cups,0.5,c,,,,arroz agulha
73,239,0.25,cups,0.25,c,mais agulha,,,arroz jasmin
73,10,1.5,tbsp,1.5,tbsp,,,,azeite
74,75,500,g,500,g,,devem ser 4 mimos,,mimos de pescada
74,240,2,cups,2,c,,,,panko
74,53,1,qb,1,qb,,de preferencia spray,,oleo vegetal
74,241,4,fatias,4,u,,,,queijo fundido
74,242,4,unidades,4,u,,,,pão brioche
74,33,1,unidades,1,u,,,,ovos
74,202,1,tbsp,1,tbsp,,,,mustarda dijon
74,152,1,tbsp,1,tbsp,,,,farinha
74,1,0.75,tsp,0.75,tsp,,,,sal
74,9,1,qb,1,qb,,,,pimenta preta
74,155,220,g,220,g,,,,maionese
74,101,1,pickle grande,1,u,,,,pickles
74,32,1,tsp,1,tsp,,,,salsa
74,112,1,tsp,1,tsp,,,,alcaparras
74,59,1.5,tbsp,1.5,tbsp,,,,limão (sumo)
74,226,1,tsp,1,tsp,,,,vinagre branco
75,57,2,unidades,2,u,,,,bife de vaca
75,82,2,tbsp,2,tbsp,,,,manteiga
75,10,1,qb,1,qb,,,,azeite
75,15,3,unidades,3,u,,,,alho (dentes)
75,110,1,qb,1,qb,,,,vinho branco
75,163,3,unidades,3,u,,,,louro
75,225,1,tbsp,1,tbsp,,,,mustarda amarela
75,33,2,unidades,2,u,,,,ovos
75,182,2,unidades,2,u,,,,batata branca para fritar
75,19,1,cups,1,c,,,,caldo de vaca
75,1,1,qb,1,qb,,,,sal
76,2,500,g,500,g,,,,carne picada (vaca)
76,5,1,unidades,1,u,,,,cebola amarela
76,17,1,unidades,0.5,u,,,,pimento vermelho
76,32,1,unidades,1,u,,,,salsa
76,89,6,unidades,6,u,,,,wraps
76,123,1,unidades,1,u,,,,tomate roma
76,243,1,tsp,1,tsp,,,,pimenta da jamaica
76,172,1,tsp,1,tsp,,,,cominhos
76,175,1,tsp,1,tsp,,,,sementes de coentros
76,22,1,tsp,1,tsp,,,,paprika
76,24,1,tsp,1,tsp,,,,paprika fumada
76,120,1,tsp,1,tsp,,,,chipotle em pó
76,65,1,tsp,1,tsp,,,,izote
76,15,2,unidades,2,u,,,,alho (dentes)
76,1,1,tsp,1,tsp,,,,sal
76,86,0.5,unidades,0.5,u,,,,queijo feta
69,94,4,unidades,4,u,,,,peito de frango
69,228,200,ml,200,ml,,,,natas
69,244,1,unidades,1,u,,,,compal de pessego pequeno
69,245,1,unidades,1,u,,,,sopa de cebola
77,152,250,g,250,g,,,,farinha
77,189,1,g,1,g,,,,fermento de padeiro
77,1,1,qb,1,qb,,,,sal
77,2,250,g,250,g,,,,carne picada (vaca)
77,5,1,unidades,1,u,,,,cebola amarela
77,246,1,unidades,1,u,,,,pimento verde
77,32,1,unidades,1,u,,,,salsa
77,153,2,g,2,g,,,,tomilho seco
77,158,1,unidades,1,u,,grande,,tomate
78,133,0.5,cups,0.5,c,,,,arroz agulha
78,138,0.5,cups,0.5,c,,,,arroz basmati
78,118,0.75,cups,0.75,c,,,,lentilhas verdes
78,10,0.5,cups,0.5,c,,,,azeite
78,141,1,unidades,1,u,,,,canela
78,175,1,tsp,1,tsp,,,,sementes de coentros
78,97,0.5,tsp,0.5,tsp,,,,curcuma em pó
78,9,0.25,tsp,0.25,tsp,,,,pimenta preta
78,5,1.5,unidades,1.5,u,,,,cebola amarela
78,226,1,tbsp,1,tbsp,,,,vinagre branco
78,59,1,tbsp,1,tbsp,,,,limão (sumo)
78,70,1,bunch,1,u,,,,coentros
78,247,2,tbsp,2,tbsp,,,,amendoas torradas
78,248,2,tbsp,2,tbsp,,,,passas
79,53,1,qb,1,qb,,,,oleo vegetal
79,248,0.5,cups,0.5,c,,,,passas
79,4,2,unidades,2,u,,,,cenoura
79,141,1,unidades,1,u,,,,canela
79,163,3,unidades,3,u,,,,louro
79,249,2,unidades,2,u,,,,lima sun dried
79,170,4,unidades,4,u,,,,pernas de frango
79,250,4,unidades,4,u,,,,coxa de frango
79,172,1,tsp,1,tsp,,,,cominhos
79,175,1,tsp,1,tsp,,,,sementes de coentros
79,158,2,unidades,2,u,,,,tomate
79,97,1,tsp,1,tsp,,,,curcuma em pó
79,1,3,tsp,3,tsp,,,,sal
79,43,1,unidades,1,u,,,,caldo de frango
79,7,2,tbsp,2,tbsp,,,,concentrado de tomate
80,80,2,unidades,2,u,,,,beringela
80,10,1,qb,1,qb,,,,azeite
80,24,0.5,tsp,0.5,tsp,,,,paprika fumada
80,1,1,qb,1,qb,,,,sal
80,61,180,g,180,g,,drained,,grão cozido
80,172,0.5,tsp,0.5,tsp,,,,cominhos
80,175,0.5,tsp,0.5,tsp,,,,sementes de coentros
80,9,1,qb,1,qb,,,,pimenta preta
80,95,3,unidades,3,u,,,,pitas
80,79,1,cups,1,c,,,,iogurte
80,63,1.5,tbsp,1.5,tbsp,,,,tahini
80,15,1,unidades,1,u,,,,alho (dentes)
80,59,0.5,unidades,0.5,u,,,,limão (sumo)
80,251,1,qb,1,qb,,,,melaço de romã
80,252,1,unidades,1,u,,,,romã
80,64,1,tsp,1,tsp,,,,sumac
80,247,8,unidades,8,u,,,,amendoas torradas
81,96,500,g,500,g,,pode ser peito,,coxa de frango desossada
81,10,4,tbsp,4,tbsp,,,,azeite
81,79,1,tbsp,1,tbsp,,,,iogurte
81,15,2,unidades,2,u,,,,alho (dentes)
81,172,1,tsp,1,tsp,,,,cominhos
81,175,1,tsp,1,tsp,,,,sementes de coentros
81,22,1,tsp,1,tsp,,,,paprika
81,97,0.5,tsp,0.5,tsp,,,,curcuma em pó
81,141,0.5,tsp,0.5,tsp,,,,canela
81,9,0.5,tsp,0.5,tsp,,,,pimenta preta
81,1,0.5,tsp,0.5,tsp,,,,sal
81,59,1.5,unidades,1.5,u,,,,limão (sumo)
81,80,2,unidades,2,u,,,,beringela
81,63,2,tbsp,2,tbsp,,,,tahini
81,251,1,qb,1,qb,,,,melaço de romã
82,229,4,unidades,4,u,,,,ciabatta
82,190,3,unidades,3,u,,,,mozarela
82,185,1,bunch,1,u,,,,manjericão
82,10,1,qb,1,qb,,,,azeite
82,232,1,tbsp,1,tbsp,,,,tomates sun dried
82,69,6,unidades,6,u,,,,tomate cherry
45,9,1,tsp,1,tsp,,,,pimenta preta
45,170,4,unidades,4,u,,mais coxas,,pernas de frango
45,250,4,unidades,4,u,,mais pernas,,coxa de frango
45,44,0.3,cups,0.3,c,,,,molho de soja
45,163,3,unidades,3,u,,,,louro
45,226,0.25,cups,0.25,c,,,,vinagre branco
45,42,1,unidades,1,u,,,,cebolinha
45,15,3,unidades,3,u,,,,alho (dentes)
45,20,2.5,tbsp,2.5,tbsp,"mascavado, amarelo ou cana de preferencia",,,açucar
45,16,1,unidades,1,u,grande,,,cebola